name,hp,attack,defense,sp_attack,sp_defense,speed,type1,type2,capture_rate,experience_growth,percentage_male,base_happiness,pokedex_number,EXP GIVEN,HP,ATTACK,DEFENSE,SP ATTACK,SP DEFENSE,SPEED,is_legendary,abilities
Bulbasaur,45,49,49,65,65,45,grass,poison,45,1059860,88.1,70,1,64,0,0,0,1,0,0,NO,"['Overgrow', 'Chlorophyll']"
Ivysaur,60,62,63,80,80,60,grass,poison,45,1059860,88.1,70,2,142,0,0,0,1,1,0,NO,"['Overgrow', 'Chlorophyll']"
Venusaur,80,82,83,100,100,80,grass,poison,45,1059860,88.1,70,3,236,0,0,0,2,1,0,NO,"['Overgrow', 'Chlorophyll']"
Charmander,39,52,43,60,50,65,fire,none,45,1059860,88.1,70,4,62,0,0,0,0,0,1,NO,"['Blaze', 'Solar Power']"
Charmeleon,58,64,58,80,65,80,fire,none,45,1059860,88.1,70,5,142,0,0,0,1,0,1,NO,"['Blaze', 'Solar Power']"
Charizard,78,84,78,109,85,100,fire,flying,45,1059860,88.1,70,6,240,0,0,0,3,0,0,NO,"['Blaze', 'Solar Power']"
Squirtle,44,48,65,50,64,43,water,none,45,1059860,88.1,70,7,63,0,0,1,0,0,0,NO,"['Torrent', 'Rain Dish']"
Wartortle,59,63,80,65,80,58,water,none,45,1059860,88.1,70,8,142,0,0,1,0,1,0,NO,"['Torrent', 'Rain Dish']"
Blastoise,79,83,100,85,105,78,water,none,45,1059860,88.1,70,9,239,0,0,0,0,3,0,NO,"['Torrent', 'Rain Dish']"
Caterpie,45,30,35,20,20,45,bug,none,255,1000000,50,70,10,39,1,0,0,0,0,0,NO,"['Shield Dust', 'Run Away']"
Metapod,50,20,55,25,25,30,bug,none,120,1000000,50,70,11,72,0,0,2,0,0,0,NO,['Shed Skin']
Butterfree,60,45,50,90,80,70,bug,flying,45,1000000,50,70,12,173,0,0,0,2,1,0,NO,"['Compoundeyes', 'Tinted Lens']"
Weedle,40,35,30,20,20,50,bug,poison,255,1000000,50,70,13,39,0,0,0,0,0,1,NO,"['Shield Dust', 'Run Away']"
Kakuna,45,25,50,25,25,35,bug,poison,120,1000000,50,70,14,72,0,0,2,0,0,0,NO,['Shed Skin']
Beedrill,65,90,40,45,80,75,bug,poison,45,1000000,50,70,15,173,0,2,0,0,1,0,NO,"['Swarm', 'Sniper']"
Pidgey,40,45,40,35,35,56,normal,flying,255,1059860,50,70,16,50,0,0,0,0,0,1,NO,"['Keen Eye', 'Tangled Feet', 'Big Pecks']"
Pidgeotto,63,60,55,50,50,71,normal,flying,120,1059860,50,70,17,122,0,0,0,0,0,2,NO,"['Keen Eye', 'Tangled Feet', 'Big Pecks']"
Pidgeot,83,80,75,70,70,101,normal,flying,45,1059860,50,70,18,211,0,0,0,0,0,3,NO,"['Keen Eye', 'Tangled Feet', 'Big Pecks']"
Pikachu,35,55,40,50,50,90,electric,none,190,1000000,50,70,25,105,0,0,0,0,0,2,NO,"['Static', 'Lightningrod']"
Raichu,60,85,50,95,85,110,electric,electric,75,1000000,50,70,26,214,0,0,0,0,0,3,NO,"['Static', 'Lightningrod']"
Nidoranf,55,47,52,40,40,41,poison,none,235,1059860,0,70,29,55,1,0,0,0,0,0,NO,"['Poison Point', 'Rivalry', 'Hustle']"
Nidorina,70,62,67,55,55,56,poison,none,120,1059860,0,70,30,128,2,0,0,0,0,0,NO,"['Poison Point', 'Rivalry', 'Hustle']"
Nidoqueen,90,92,87,75,85,76,poison,ground,45,1059860,0,70,31,223,3,0,0,0,0,0,NO,"['Poison Point', 'Rivalry', 'Sheer Force']"
Nidoranm,46,57,40,40,40,50,poison,none,235,1059860,100,70,32,55,0,1,0,0,0,0,NO,"['Poison Point', 'Rivalry', 'Hustle']"
Nidorino,61,72,57,55,55,65,poison,none,120,1059860,100,70,33,128,0,2,0,0,0,0,NO,"['Poison Point', 'Rivalry', 'Hustle']"
Nidoking,81,102,77,85,75,85,poison,ground,45,1059860,100,70,34,223,0,3,0,0,0,0,NO,"['Poison Point', 'Rivalry', 'Sheer Force']"
Clefairy,70,45,48,60,65,35,fairy,none,150,800000,24.6,140,35,113,2,0,0,0,0,0,NO,"['Cute Charm', 'Magic Guard', 'Friend Guard']"
Clefable,95,70,73,95,90,60,fairy,none,25,800000,24.6,140,36,213,3,0,0,0,0,0,NO,"['Cute Charm', 'Magic Guard', 'Unaware']"
Zubat,40,45,35,30,40,55,poison,flying,255,1000000,50,70,41,49,0,0,0,0,0,1,NO,"['Inner Focus', 'Infiltrator']"
Golbat,75,80,70,65,75,90,poison,flying,90,1000000,50,70,42,159,0,0,0,0,0,2,NO,"['Inner Focus', 'Infiltrator']"
Growlithe,55,70,45,70,50,60,fire,none,190,1250000,75.4,70,58,70,0,1,0,0,0,0,NO,"['Intimidate', 'Flash Fire', 'Justified']"
Arcanine,90,110,80,100,80,95,fire,none,75,1250000,75.4,70,59,194,0,2,0,0,0,0,NO,"['Intimidate', 'Flash Fire', 'Justified']"
Abra,25,20,15,105,55,90,psychic,none,200,1059860,75.4,70,63,62,0,0,0,1,0,0,NO,"['Synchronize', 'Inner Focus', 'Magic Guard']"
Kadabra,40,35,30,120,70,105,psychic,none,100,1059860,75.4,70,64,140,0,0,0,2,0,0,NO,"['Synchronize', 'Inner Focus', 'Magic Guard']"
Alakazam,55,50,45,135,95,120,psychic,none,50,1059860,75.4,70,65,221,0,0,0,3,0,0,NO,"['Synchronize', 'Inner Focus', 'Magic Guard']"
Machop,70,80,50,35,35,35,fighting,none,180,1059860,75.4,70,66,61,0,1,0,0,0,0,NO,"['Guts', 'No Guard', 'Steadfast']"
Machoke,80,100,70,50,60,45,fighting,none,90,1059860,75.4,70,67,142,0,2,0,0,0,0,NO,"['Guts', 'No Guard', 'Steadfast']"
Machamp,90,130,80,65,85,55,fighting,none,45,1059860,75.4,70,68,227,0,3,0,0,0,0,NO,"['Guts', 'No Guard', 'Steadfast']"
Tentacool,40,40,35,50,100,70,water,poison,190,1250000,50,70,72,67,0,0,0,0,1,0,NO,"['Clear Body', 'Liquid Ooze', 'Rain Dish']"
Tentacruel,80,70,65,80,120,100,water,poison,60,1250000,50,70,73,180,0,0,0,0,2,0,NO,"['Clear Body', 'Liquid Ooze', 'Rain Dish']"
Geodude,40,80,100,30,30,20,rock,ground,255,1059860,50,70,74,60,0,0,1,0,0,0,NO,"['Rock Head', 'Sturdy', 'Sand Veil']"
Graveler,55,95,115,45,45,35,rock,ground,120,1059860,50,70,75,137,0,0,2,0,0,0,NO,"['Rock Head', 'Sturdy', 'Sand Veil']"
Golem,80,120,130,55,65,45,rock,ground,45,1059860,50,70,76,218,0,0,3,0,0,0,NO,"['Rock Head', 'Sturdy', 'Sand Veil']"
Slowpoke,90,65,65,40,40,15,water,psychic,190,1000000,50,70,79,63,1,0,0,0,0,0,NO,"['Oblivious', 'Own Tempo', 'Regenerator']"
Slowbro,95,75,110,100,80,30,water,psychic,75,1000000,50,70,80,172,0,0,2,0,0,0,NO,"['Oblivious', 'Own Tempo', 'Regenerator']"
Magnemite,25,35,70,95,55,45,electric,steel,190,1000000,-1,70,81,65,0,0,0,1,0,0,NO,"['Magnet Pull', 'Sturdy', 'Analytic']"
Magneton,50,60,95,120,70,70,electric,steel,60,1000000,-1,70,82,163,0,0,0,2,0,0,NO,"['Magnet Pull', 'Sturdy', 'Analytic']"
Grimer,80,80,50,40,50,25,poison,poison,190,1000000,50,70,88,65,1,0,0,0,0,0,NO,"['Stench', 'Sticky Hold', 'Poison Touch']"
Muk,105,105,75,65,100,50,poison,poison,75,1000000,50,70,89,175,1,1,0,0,0,0,NO,"['Stench', 'Sticky Hold', 'Poison Touch']"
Shellder,30,65,100,45,25,40,water,none,190,1250000,50,70,90,61,0,0,1,0,0,0,NO,"['Shell Armor', 'Skill Link', 'Overcoat']"
Cloyster,50,95,180,85,45,70,water,ice,60,1250000,50,70,91,184,0,0,2,0,0,0,NO,"['Shell Armor', 'Skill Link', 'Overcoat']"
Gastly,30,35,30,100,35,80,ghost,poison,190,1059860,50,70,92,62,0,0,0,1,0,0,NO,['Levitate']
Haunter,45,50,45,115,55,95,ghost,poison,90,1059860,50,70,93,142,0,0,0,2,0,0,NO,['Levitate']
Gengar,60,65,60,130,75,110,ghost,poison,45,1059860,50,70,94,225,0,0,0,3,0,0,NO,['Cursed Body']
Onix,35,45,160,30,45,70,rock,ground,45,1000000,50,70,95,77,0,0,1,0,0,0,NO,"['Rock Head', 'Sturdy', 'Weak Armor']"
Krabby,30,105,90,25,25,50,water,none,225,1000000,50,70,98,65,0,1,0,0,0,0,NO,"['Hyper Cutter', 'Shell Armor', 'Sheer Force']"
Kingler,55,130,115,50,50,75,water,none,60,1000000,50,70,99,166,0,2,0,0,0,0,NO,"['Hyper Cutter', 'Shell Armor', 'Sheer Force']"
Koffing,40,65,95,60,45,35,poison,none,190,1000000,50,70,109,68,0,0,1,0,0,0,NO,['Levitate']
Weezing,65,90,120,85,70,60,poison,none,60,1000000,50,70,110,172,0,0,2,0,0,0,NO,['Levitate']
Rhyhorn,80,85,95,30,30,25,ground,rock,120,1250000,50,70,111,69,0,0,1,0,0,0,NO,"['Lightningrod', 'Rock Head', 'Reckless']"
Rhydon,105,130,120,45,45,40,ground,rock,60,1250000,50,70,112,170,0,2,0,0,0,0,NO,"['Lightningrod', 'Rock Head', 'Reckless']"
Chansey,250,5,5,35,105,50,normal,none,30,800000,0,140,113,395,2,0,0,0,0,0,NO,"['Natural Cure', 'Serene Grace', 'Healer']"
Tangela,65,55,115,100,40,60,grass,none,45,1000000,50,70,114,87,0,0,1,0,0,0,NO,"['Chlorophyll', 'Leaf Guard', 'Regenerator']"
Staryu,30,45,55,70,55,85,water,none,225,1250000,-1,70,120,68,0,0,0,0,0,1,NO,"['Illuminate', 'Natural Cure', 'Analytic']"
Starmie,60,75,85,100,85,115,water,psychic,60,1250000,-1,70,121,182,0,0,0,0,0,2,NO,"['Illuminate', 'Natural Cure', 'Analytic']"
Scyther,70,110,80,55,80,105,bug,flying,45,1000000,50,70,123,100,0,1,0,0,0,0,NO,"['Swarm', 'Technician', 'Steadfast']"
Pinsir,65,125,100,55,70,85,bug,none,45,1250000,50,70,127,175,0,2,0,0,0,0,NO,"['Hyper Cutter', 'Mold Breaker', 'Moxie']"
Magikarp,20,10,55,15,20,80,water,none,255,1250000,50,70,129,40,0,0,0,0,0,1,NO,"['Swift Swim', 'Rattled']"
Gyarados,95,125,79,60,100,81,water,flying,45,1250000,50,70,130,189,0,2,0,0,0,0,NO,"['Intimidate', 'Moxie']"
Lapras,130,85,80,85,95,60,water,ice,45,1250000,50,70,131,187,2,0,0,0,0,0,NO,"['Water Absorb', 'Shell Armor', 'Hydration']"
Eevee,55,55,50,45,65,55,normal,none,45,1000000,88.1,70,133,65,0,0,0,0,1,0,NO,"['Run Away', 'Adaptability', 'Anticipation']"
Vaporeon,130,65,60,110,95,65,water,none,45,1000000,88.1,70,134,184,2,0,0,0,0,0,NO,"['Water Absorb', 'Hydration']"
Jolteon,65,65,60,110,95,130,electric,none,45,1000000,88.1,70,135,184,0,0,0,0,0,2,NO,"['Volt Absorb', 'Quick Feet']"
Flareon,65,130,60,95,110,65,fire,none,45,1000000,88.1,70,136,184,0,2,0,0,0,0,NO,"['Flash Fire', 'Guts']"
Porygon,65,60,70,85,75,40,normal,none,45,1000000,-1,70,137,79,0,0,0,1,0,0,NO,"['Trace', 'Download', 'Analytic']"
Aerodactyl,80,105,65,60,75,130,rock,flying,45,1250000,88.1,70,142,180,0,0,0,0,0,2,NO,"['Rock Head', 'Pressure', 'Unnerve']"
Snorlax,160,110,65,65,110,30,normal,none,25,1250000,88.1,70,143,189,2,0,0,0,0,0,NO,"['Immunity', 'Thick Fat', 'Gluttony']"
Articuno,90,85,100,95,125,85,ice,flying,3,1250000,-1,35,144,261,0,0,0,0,3,0,YES,"['Pressure', 'Snow Cloak']"
Zapdos,90,90,85,125,90,100,electric,flying,3,1250000,-1,35,145,261,0,0,0,3,0,0,YES,"['Pressure', 'Static']"
Moltres,90,100,90,125,85,90,fire,flying,3,1250000,-1,35,146,261,0,0,0,3,0,0,YES,"['Pressure', 'Flame Body']"
Dratini,41,64,45,50,50,50,dragon,none,45,1250000,50,35,147,60,0,1,0,0,0,0,NO,"['Shed Skin', 'Marvel Scale']"
Dragonair,61,84,65,70,70,70,dragon,none,45,1250000,50,35,148,147,0,2,0,0,0,0,NO,"['Shed Skin', 'Marvel Scale']"
Dragonite,91,134,95,100,100,80,dragon,flying,45,1250000,50,35,149,270,0,3,0,0,0,0,NO,"['Inner Focus', 'Multiscale']"
Mewtwo,106,110,90,134,90,130,psychic,none,3,1250000,-1,0,150,306,0,0,0,3,0,0,YES,"['Pressure', 'Unnerve']"
Mew,100,100,100,100,100,100,psychic,none,45,1059860,-1,100,151,270,3,0,0,0,0,0,YES,['Synchronize']
Chikorita,45,49,65,49,65,45,grass,none,45,1059860,88.1,70,152,64,0,0,0,0,1,0,NO,"['Overgrow', 'Leaf Guard']"
Bayleef,60,62,80,63,80,60,grass,none,45,1059860,88.1,70,153,142,0,0,1,0,1,0,NO,"['Overgrow', 'Leaf Guard']"
Meganium,80,82,100,83,100,80,grass,none,45,1059860,88.1,70,154,236,0,0,1,0,2,0,NO,"['Overgrow', 'Leaf Guard']"
Cyndaquil,39,52,43,60,50,65,fire,none,45,1059860,88.1,70,155,62,0,0,0,0,0,1,NO,"['Blaze', 'Flash Fire']"
Quilava,58,64,58,80,65,80,fire,none,45,1059860,88.1,70,156,142,0,0,0,1,0,1,NO,"['Blaze', 'Flash Fire']"
Typhlosion,78,84,78,109,85,100,fire,none,45,1059860,88.1,70,157,240,0,0,0,3,0,0,NO,"['Blaze', 'Flash Fire']"
Totodile,50,65,64,44,48,43,water,none,45,1059860,88.1,70,158,63,0,1,0,0,0,0,NO,"['Torrent', 'Sheer Force']"
Croconaw,65,80,80,59,63,58,water,none,45,1059860,88.1,70,159,142,0,1,1,0,0,0,NO,"['Torrent', 'Sheer Force']"
Feraligatr,85,105,100,79,83,78,water,none,45,1059860,88.1,70,160,239,0,2,1,0,0,0,NO,"['Torrent', 'Sheer Force']"
Sentret,35,46,34,35,45,20,normal,none,255,1000000,50,70,161,43,0,1,0,0,0,0,NO,"['Run Away', 'Keen Eye', 'Frisk']"
Furret,85,76,64,45,55,90,normal,none,90,1000000,50,70,162,145,0,0,0,0,0,2,NO,"['Run Away', 'Keen Eye', 'Frisk']"
Hoothoot,60,30,30,36,56,50,normal,flying,255,1000000,50,70,163,52,1,0,0,0,0,0,NO,"['Insomnia', 'Keen Eye', 'Tinted Lens']"
Noctowl,100,50,50,86,96,70,normal,flying,90,1000000,50,70,164,155,2,0,0,0,0,0,NO,"['Insomnia', 'Keen Eye', 'Tinted Lens']"
Crobat,85,90,80,70,80,130,poison,flying,90,1000000,50,70,169,241,0,0,0,0,0,3,NO,"['Inner Focus', 'Infiltrator']"
Togepi,35,20,65,40,65,20,fairy,none,190,800000,88.1,70,175,49,0,0,0,0,1,0,NO,"['Hustle', 'Serene Grace', 'Super Luck']"
Togetic,55,40,85,80,105,40,fairy,flying,75,800000,88.1,70,176,142,0,0,0,0,2,0,NO,"['Hustle', 'Serene Grace', 'Super Luck']"
Mareep,55,40,40,65,45,35,electric,none,235,1059860,50,70,179,56,0,0,0,1,0,0,NO,"['Static', 'Plus']"
Flaaffy,70,55,55,80,60,45,electric,none,120,1059860,50,70,180,128,0,0,0,2,0,0,NO,"['Static', 'Plus']"
Ampharos,90,75,85,115,90,55,electric,none,45,1059860,50,70,181,225,0,0,0,3,0,0,NO,"['Static', 'Plus']"
Marill,70,20,50,20,50,40,water,fairy,190,800000,50,70,183,88,2,0,0,0,0,0,NO,"['Thick Fat', 'Huge Power', 'Sap Sipper']"
Azumarill,100,50,80,60,80,50,water,fairy,75,800000,50,70,184,185,3,0,0,0,0,0,NO,"['Thick Fat', 'Huge Power', 'Sap Sipper']"
Aipom,55,70,55,40,55,85,normal,none,45,800000,50,70,190,72,0,0,0,0,0,1,NO,"['Run Away', 'Pickup', 'Skill Link']"
Wooper,55,45,45,25,25,15,water,ground,255,1000000,50,70,194,42,1,0,0,0,0,0,NO,"['Damp', 'Water Absorb', 'Unaware']"
Quagsire,95,85,85,65,65,35,water,ground,90,1000000,50,70,195,151,2,0,0,0,0,0,NO,"['Damp', 'Water Absorb', 'Unaware']"
Espeon,65,65,60,130,95,110,psychic,none,45,1000000,88.1,70,196,184,0,0,0,2,0,0,NO,"['Synchronize', 'Magic Bounce']"
Umbreon,95,65,110,60,130,65,dark,none,45,1000000,88.1,35,197,184,0,0,0,0,2,0,NO,"['Synchronize', 'Inner Focus']"
Murkrow,60,85,42,85,42,91,dark,flying,30,1059860,50,35,198,81,0,0,0,0,0,1,NO,"['Insomnia', 'Super Luck', 'Prankster']"
Slowking,95,75,80,100,110,30,water,psychic,70,1000000,50,70,199,172,0,0,0,0,3,0,NO,"['Oblivious', 'Own Tempo', 'Regenerator']"
Pineco,50,65,90,35,35,15,bug,none,190,1000000,50,70,204,58,0,0,1,0,0,0,NO,"['Sturdy', 'Overcoat']"
Forretress,75,90,140,60,60,40,bug,steel,75,1000000,50,70,205,163,0,0,2,0,0,0,NO,"['Sturdy', 'Overcoat']"
Gligar,65,75,105,35,65,85,ground,flying,60,1059860,50,70,207,86,0,0,1,0,0,0,NO,"['Hyper Cutter', 'Sand Veil', 'Immunity']"
Steelix,75,85,200,55,65,30,steel,ground,25,1000000,50,70,208,179,0,0,2,0,0,0,NO,"['Rock Head', 'Sturdy', 'Sheer Force']"
Scizor,70,130,100,55,80,65,bug,steel,25,1000000,50,70,212,175,0,2,0,0,0,0,NO,"['Swarm', 'Technician', 'Light Metal']"
Heracross,80,125,75,40,95,85,bug,fighting,45,1250000,50,70,214,175,0,2,0,0,0,0,NO,"['Swarm', 'Guts', 'Moxie']"
Sneasel,55,95,55,35,75,115,dark,ice,60,1059860,50,35,215,86,0,0,0,0,0,1,NO,"['Inner Focus', 'Keen Eye', 'Pickpocket']"
Swinub,50,50,40,30,30,50,ice,ground,225,1250000,50,70,220,50,0,1,0,0,0,0,NO,"['Oblivious', 'Snow Cloak', 'Thick Fat']"
Piloswine,100,100,80,60,60,50,ice,ground,75,1250000,50,70,221,158,1,1,0,0,0,0,NO,"['Oblivious', 'Snow Cloak', 'Thick Fat']"
Delibird,45,55,45,65,45,75,ice,flying,45,800000,50,70,225,116,0,0,0,0,0,1,NO,"['Vital Spirit', 'Hustle', 'Insomnia']"
Houndour,45,60,30,80,50,65,dark,fire,120,1250000,50,35,228,66,0,0,0,1,0,0,NO,"['Early Bird', 'Flash Fire', 'Unnerve']"
Houndoom,75,90,50,110,80,95,dark,fire,45,1250000,50,35,229,175,0,0,0,2,0,0,NO,"['Early Bird', 'Flash Fire', 'Unnerve']"
Phanpy,90,60,60,40,40,40,ground,none,120,1000000,50,70,231,66,1,0,0,0,0,0,NO,"['Pickup', 'Sand Veil']"
Donphan,90,120,120,60,60,50,ground,none,60,1000000,50,70,232,175,0,1,1,0,0,0,NO,"['Sturdy', 'Sand Veil']"
Porygon2,85,80,90,105,95,60,normal,none,45,1000000,-1,70,233,180,0,0,0,2,0,0,NO,"['Trace', 'Download', 'Analytic']"
Blissey,255,10,10,75,135,55,normal,none,30,800000,0,140,242,608,3,0,0,0,0,0,NO,"['Natural Cure', 'Serene Grace', 'Healer']"
Raikou,90,85,75,115,100,115,electric,none,3,1250000,-1,35,243,261,0,0,0,1,0,2,YES,"['Pressure', 'Inner Focus']"
Entei,115,115,85,90,75,100,fire,none,3,1250000,-1,35,244,261,1,2,0,0,0,0,YES,"['Pressure', 'Inner Focus']"
Suicune,100,75,115,90,115,85,water,none,3,1250000,-1,35,245,261,0,0,1,0,2,0,YES,"['Pressure', 'Inner Focus']"
Larvitar,50,64,50,45,50,41,rock,ground,45,1250000,50,35,246,60,0,1,0,0,0,0,NO,"['Guts', 'Sand Veil']"
Pupitar,70,84,70,65,70,51,rock,ground,45,1250000,50,35,247,144,0,2,0,0,0,0,NO,['Shed Skin']
Tyranitar,100,134,110,95,100,61,rock,dark,45,1250000,50,35,248,270,0,3,0,0,0,0,NO,"['Sand Stream', 'Unnerve']"
Lugia,106,90,130,90,154,110,psychic,flying,3,1250000,-1,0,249,306,0,0,0,0,3,0,YES,"['Pressure', 'Multiscale']"
Hooh,106,130,90,110,154,90,fire,flying,3,1250000,-1,0,250,306,0,0,0,0,3,0,YES,"['Pressure', 'Regenerator']"
Celebi,100,100,100,100,100,100,psychic,grass,45,1059860,-1,100,251,270,3,0,0,0,0,0,YES,['Natural Cure']
Treecko,40,45,35,65,55,70,grass,none,45,1059860,88.1,70,252,62,0,0,0,0,0,1,NO,"['Overgrow', 'Unburden']"
Grovyle,50,65,45,85,65,95,grass,none,45,1059860,88.1,70,253,142,0,0,0,0,0,2,NO,"['Overgrow', 'Unburden']"
Sceptile,70,85,65,105,85,120,grass,none,45,1059860,88.1,70,254,239,0,0,0,0,0,3,NO,"['Overgrow', 'Unburden']"
Torchic,45,60,40,70,50,45,fire,none,45,1059860,88.1,70,255,62,0,0,0,1,0,0,NO,"['Blaze', 'Speed Boost']"
Combusken,60,85,60,85,60,55,fire,fighting,45,1059860,88.1,70,256,142,0,1,0,1,0,0,NO,"['Blaze', 'Speed Boost']"
Blaziken,80,120,70,110,70,80,fire,fighting,45,1059860,88.1,70,257,239,0,3,0,0,0,0,NO,"['Blaze', 'Speed Boost']"
Mudkip,50,70,50,50,50,40,water,none,45,1059860,88.1,70,258,62,0,1,0,0,0,0,NO,"['Torrent', 'Damp']"
Marshtomp,70,85,70,60,70,50,water,ground,45,1059860,88.1,70,259,142,0,2,0,0,0,0,NO,"['Torrent', 'Damp']"
Swampert,100,110,90,85,90,60,water,ground,45,1059860,88.1,70,260,241,0,3,0,0,0,0,NO,"['Torrent', 'Damp']"
Zigzagoon,38,30,41,30,41,60,normal,none,255,1000000,50,70,263,48,0,0,0,0,0,1,NO,"['Pickup', 'Gluttony', 'Quick Feet']"
Linoone,78,70,61,50,61,100,normal,none,90,1000000,50,70,264,147,0,0,0,0,0,2,NO,"['Pickup', 'Gluttony', 'Quick Feet']"
Lotad,40,30,30,40,50,30,water,grass,255,1059860,50,70,270,44,0,0,0,0,1,0,NO,"['Swift Swim', 'Rain Dish', 'Own Tempo']"
Lombre,60,50,50,60,70,50,water,grass,120,1059860,50,70,271,119,0,0,0,0,2,0,NO,"['Swift Swim', 'Rain Dish', 'Own Tempo']"
Ludicolo,80,70,70,90,100,70,water,grass,45,1059860,50,70,272,216,0,0,0,0,3,0,NO,"['Swift Swim', 'Rain Dish', 'Own Tempo']"
Wingull,40,30,30,55,30,85,water,flying,190,1000000,50,70,278,54,0,0,0,0,0,1,NO,"['Keen Eye', 'Hydration', 'Rain Dish']"
Pelipper,60,50,100,95,70,65,water,flying,45,1000000,50,70,279,151,0,0,2,0,0,0,NO,"['Keen Eye', 'Drizzle', 'Rain Dish']"
Ralts,28,25,25,45,35,40,psychic,fairy,235,1250000,50,35,280,40,0,0,0,1,0,0,NO,"['Synchronize', 'Trace', 'Telepathy']"
Kirlia,38,35,35,65,55,50,psychic,fairy,120,1250000,50,35,281,97,0,0,0,2,0,0,NO,"['Synchronize', 'Trace', 'Telepathy']"
Gardevoir,68,65,65,125,115,80,psychic,fairy,45,1250000,50,35,282,233,0,0,0,3,0,0,NO,"['Synchronize', 'Trace', 'Telepathy']"
Shroomish,60,40,60,40,60,35,grass,none,255,1640000,50,70,285,59,1,0,0,0,0,0,NO,"['Effect Spore', 'Poison Heal', 'Quick Feet']"
Breloom,60,130,80,60,60,70,grass,fighting,90,1640000,50,70,286,161,0,2,0,0,0,0,NO,"['Effect Spore', 'Poison Heal', 'Technician']"
Slakoth,60,60,60,35,35,30,normal,none,255,1250000,50,70,287,56,1,0,0,0,0,0,NO,['Truant']
Vigoroth,80,80,80,55,55,90,normal,none,120,1250000,50,70,288,154,0,0,0,0,0,2,NO,['Vital Spirit']
Slaking,150,160,100,95,65,100,normal,none,45,1250000,50,70,289,252,3,0,0,0,0,0,NO,['Truant']
Makuhita,72,60,30,20,30,25,fighting,none,180,1640000,75.4,70,296,47,1,0,0,0,0,0,NO,"['Thick Fat', 'Guts', 'Sheer Force']"
Hariyama,144,120,60,40,60,50,fighting,none,200,1640000,75.4,70,297,166,2,0,0,0,0,0,NO,"['Thick Fat', 'Guts', 'Sheer Force']"
Sableye,50,75,75,65,65,50,dark,ghost,45,1059860,50,35,302,133,0,1,1,0,0,0,NO,"['Keen Eye', 'Stall', 'Prankster']"
Mawile,50,85,85,55,55,50,steel,fairy,45,800000,50,70,303,133,0,1,1,0,0,0,NO,"['Hyper Cutter', 'Intimidate', 'Sheer Force']"
Aron,50,70,100,40,40,30,steel,rock,180,1250000,50,35,304,66,0,0,1,0,0,0,NO,"['Sturdy', 'Rock Head', 'Heavy Metal']"
Lairon,60,90,140,50,50,40,steel,rock,90,1250000,50,35,305,151,0,0,2,0,0,0,NO,"['Sturdy', 'Rock Head', 'Heavy Metal']"
Aggron,70,110,180,60,60,50,steel,rock,45,1250000,50,35,306,239,0,0,3,0,0,0,NO,"['Sturdy', 'Rock Head', 'Heavy Metal']"
Meditite,30,40,55,40,55,60,fighting,psychic,180,1000000,50,70,307,56,0,0,0,0,0,1,NO,"['Pure Power', 'Telepathy']"
Medicham,60,60,75,60,75,80,fighting,psychic,90,1000000,50,70,308,144,0,0,0,0,0,2,NO,"['Pure Power', 'Telepathy']"
Roselia,50,60,45,100,80,65,grass,poison,150,1059860,50,70,315,140,0,0,0,2,0,0,NO,"['Natural Cure', 'Poison Point', 'Leaf Guard']"
Swablu,45,40,60,40,75,50,normal,flying,255,600000,50,70,333,62,0,0,0,0,1,0,NO,"['Natural Cure', 'Cloud Nine']"
Altaria,75,70,90,70,105,80,dragon,flying,45,600000,50,70,334,172,0,0,0,0,2,0,NO,"['Natural Cure', 'Cloud Nine']"
Barboach,50,48,43,46,41,60,water,ground,190,1000000,50,70,339,58,1,0,0,0,0,0,NO,"['Oblivious', 'Anticipation', 'Hydration']"
Whiscash,110,78,73,76,71,60,water,ground,75,1000000,50,70,340,164,2,0,0,0,0,0,NO,"['Oblivious', 'Anticipation', 'Hydration']"
Corphish,43,80,65,50,35,35,water,none,205,1640000,50,70,341,62,0,1,0,0,0,0,NO,"['Hyper Cutter', 'Shell Armor', 'Adaptability']"
Crawdaunt,63,120,85,90,55,55,water,dark,155,1640000,50,70,342,164,0,2,0,0,0,0,NO,"['Hyper Cutter', 'Shell Armor', 'Adaptability']"
Feebas,20,15,20,10,55,80,water,none,255,600000,50,70,349,40,0,0,0,0,0,1,NO,"['Swift Swim', 'Oblivious', 'Adaptability']"
Milotic,95,60,79,100,125,81,water,none,60,600000,50,70,350,189,0,0,0,0,2,0,NO,"['Marvel Scale', 'Competitive', 'Cute Charm']"
Duskull,20,40,90,30,90,25,ghost,none,190,800000,50,35,355,59,0,0,0,0,1,0,NO,"['Levitate', 'Frisk']"
Dusclops,40,70,130,60,130,25,ghost,none,90,800000,50,35,356,159,0,0,1,0,1,0,NO,"['Pressure', 'Frisk']"
Absol,65,130,60,75,60,75,dark,none,30,1059860,50,35,359,163,0,2,0,0,0,0,NO,"['Pressure', 'Super Luck', 'Justified']"
Snorunt,50,50,50,50,50,50,ice,none,190,1000000,50,70,361,60,1,0,0,0,0,0,NO,"['Inner Focus', 'Ice Body', 'Moody']"
Glalie,80,80,80,80,80,80,ice,none,75,1000000,50,70,362,168,2,0,0,0,0,0,NO,"['Inner Focus', 'Ice Body', 'Moody']"
Bagon,45,75,60,40,30,50,dragon,none,45,1250000,50,35,371,60,0,1,0,0,0,0,NO,"['Rock Head', 'Sheer Force']"
Shelgon,65,95,100,60,50,50,dragon,none,45,1250000,50,35,372,147,0,0,2,0,0,0,NO,"['Rock Head', 'Overcoat']"
Salamence,95,135,80,110,80,100,dragon,flying,45,1250000,50,35,373,270,0,3,0,0,0,0,NO,"['Intimidate', 'Moxie']"
Beldum,40,55,80,35,60,30,steel,psychic,3,1250000,-1,35,374,60,0,0,1,0,0,0,NO,"['Clear Body', 'Light Metal']"
Metang,60,75,100,55,80,50,steel,psychic,3,1250000,-1,35,375,147,0,0,2,0,0,0,NO,"['Clear Body', 'Light Metal']"
Metagross,80,135,130,95,90,70,steel,psychic,3,1250000,-1,35,376,270,0,0,3,0,0,0,NO,"['Clear Body', 'Light Metal']"
Regirock,80,100,200,50,100,50,rock,none,3,1250000,-1,35,377,261,0,0,3,0,0,0,YES,"['Clear Body', 'Sturdy']"
Regice,80,50,100,100,200,50,ice,none,3,1250000,-1,35,378,261,0,0,0,0,3,0,YES,"['Clear Body', 'Ice Body']"
Registeel,80,75,150,75,150,50,steel,none,3,1250000,-1,35,379,261,0,0,2,0,1,0,YES,"['Clear Body', 'Light Metal']"
Latias,80,80,90,110,130,110,dragon,psychic,3,1250000,0,90,380,270,0,0,0,0,3,0,YES,['Levitate']
Latios,80,90,80,130,110,110,dragon,psychic,3,1250000,100,90,381,270,0,0,0,3,0,0,YES,['Levitate']
Kyogre,100,100,90,150,140,90,water,none,3,1250000,-1,0,382,302,0,0,0,3,0,0,YES,['Drizzle']
Groudon,100,150,140,100,90,90,ground,none,3,1250000,-1,0,383,302,0,3,0,0,0,0,YES,['Drought']
Rayquaza,105,150,90,150,90,95,dragon,flying,45,1250000,-1,0,384,306,0,2,0,1,0,0,YES,['Air Lock']
Jirachi,100,100,100,100,100,100,steel,psychic,3,1250000,-1,100,385,270,3,0,0,0,0,0,YES,['Serene Grace']
Deoxys,50,95,90,95,90,180,psychic,none,3,1250000,-1,0,386,270,0,1,0,1,0,1,YES,['Pressure']
Turtwig,55,68,64,45,55,31,grass,none,45,1059860,88.1,70,387,64,0,1,0,0,0,0,NO,"['Overgrow', 'Shell Armor']"
Grotle,75,89,85,55,65,36,grass,none,45,1059860,88.1,70,388,142,0,1,1,0,0,0,NO,"['Overgrow', 'Shell Armor']"
Torterra,95,109,105,75,85,56,grass,ground,45,1059860,88.1,70,389,236,0,2,1,0,0,0,NO,"['Overgrow', 'Shell Armor']"
Chimchar,44,58,44,58,44,61,fire,none,45,1059860,88.1,70,390,62,0,0,0,0,0,1,NO,"['Blaze', 'Iron Fist']"
Monferno,64,78,52,78,52,81,fire,fighting,45,1059860,88.1,70,391,142,0,0,0,1,0,1,NO,"['Blaze', 'Iron Fist']"
Infernape,76,104,71,104,71,108,fire,fighting,45,1059860,88.1,70,392,240,0,1,0,1,0,1,NO,"['Blaze', 'Iron Fist']"
Piplup,53,51,53,61,56,40,water,none,45,1059860,88.1,70,393,63,0,0,0,1,0,0,NO,"['Torrent', 'Defiant']"
Prinplup,64,66,68,81,76,50,water,none,45,1059860,88.1,70,394,142,0,0,0,2,0,0,NO,"['Torrent', 'Defiant']"
Empoleon,84,86,88,111,101,60,water,steel,45,1059860,88.1,70,395,239,0,0,0,3,0,0,NO,"['Torrent', 'Defiant']"
Starly,40,55,30,30,30,60,normal,flying,255,1059860,50,70,396,49,0,0,0,0,0,1,NO,"['Keen Eye', 'Reckless']"
Staravia,55,75,50,40,40,80,normal,flying,120,1059860,50,70,397,119,0,0,0,0,0,2,NO,"['Intimidate', 'Reckless']"
Staraptor,85,120,70,50,60,100,normal,flying,45,1059860,50,70,398,214,0,3,0,0,0,0,NO,"['Intimidate', 'Reckless']"
Bidoof,59,45,40,35,40,31,normal,none,255,1000000,50,70,399,50,1,0,0,0,0,0,NO,"['Simple', 'Unaware', 'Moody']"
Bibarel,79,85,60,55,60,71,normal,water,127,1000000,50,70,400,144,0,2,0,0,0,0,NO,"['Simple', 'Unaware', 'Moody']"
Shinx,45,65,34,40,34,45,electric,none,235,1059860,50,70,403,53,0,1,0,0,0,0,NO,"['Rivalry', 'Intimidate', 'Guts']"
Luxio,60,85,49,60,49,60,electric,none,120,1059860,50,100,404,127,0,2,0,0,0,0,NO,"['Rivalry', 'Intimidate', 'Guts']"
Luxray,80,120,79,95,79,70,electric,none,45,1059860,50,70,405,235,0,3,0,0,0,0,NO,"['Rivalry', 'Intimidate', 'Guts']"
Roserade,60,70,65,125,105,90,grass,poison,75,1059860,50,70,407,227,0,0,0,3,0,0,NO,"['Natural Cure', 'Poison Point', 'Technician']"
Cranidos,67,125,40,30,30,58,rock,none,45,600000,88.1,70,408,70,0,1,0,0,0,0,NO,"['Mold Breaker', 'Sheer Force']"
Rampardos,97,165,60,65,50,58,rock,none,45,600000,88.1,70,409,173,0,2,0,0,0,0,NO,"['Mold Breaker', 'Sheer Force']"
Shieldon,30,42,118,42,88,30,rock,steel,45,600000,88.1,70,410,70,0,0,1,0,0,0,NO,"['Sturdy', 'Soundproof']"
Bastiodon,60,52,168,47,138,30,rock,steel,45,600000,88.1,70,411,173,0,0,2,0,0,0,NO,"['Sturdy', 'Soundproof']"
Ambipom,75,100,66,60,66,115,normal,none,45,800000,50,100,424,169,0,0,0,0,0,2,NO,"['Technician', 'Pickup', 'Skill Link']"
Buneary,55,66,44,44,56,85,normal,none,190,1000000,50,0,427,70,0,0,0,0,0,1,NO,"['Run Away', 'Klutz', 'Limber']"
Lopunny,65,76,84,54,96,105,normal,none,60,1000000,50,140,428,168,0,0,0,0,0,2,NO,"['Cute Charm', 'Klutz', 'Limber']"
Honchkrow,100,125,52,105,52,71,dark,flying,30,1059860,50,35,430,177,0,2,0,0,0,0,NO,"['Insomnia', 'Super Luck', 'Moxie']"
Spiritomb,50,92,108,92,108,35,ghost,dark,100,1000000,50,70,442,170,0,0,1,0,1,0,NO,"['Pressure', 'Infiltrator']"
Gible,58,70,45,40,45,42,dragon,ground,45,1250000,50,70,443,60,0,1,0,0,0,0,NO,"['Sand Veil', 'Rough Skin']"
Gabite,68,90,65,50,55,82,dragon,ground,45,1250000,50,70,444,144,0,2,0,0,0,0,NO,"['Sand Veil', 'Rough Skin']"
Garchomp,108,130,95,80,85,102,dragon,ground,45,1250000,50,70,445,270,0,3,0,0,0,0,NO,"['Sand Veil', 'Rough Skin']"
Riolu,40,70,40,35,40,60,fighting,none,75,1059860,88.1,70,447,57,0,1,0,0,0,0,NO,"['Steadfast', 'Inner Focus', 'Prankster']"
Lucario,70,115,70,115,70,90,fighting,steel,45,1059860,88.1,70,448,184,0,1,0,1,0,0,NO,"['Steadfast', 'Inner Focus', 'Justified']"
Hippopotas,68,72,78,38,42,32,ground,none,140,1250000,50,70,449,66,0,0,1,0,0,0,NO,"['Sand Stream', 'Sand Force']"
Hippowdon,108,112,118,68,72,47,ground,none,60,1250000,50,70,450,184,0,0,2,0,0,0,NO,"['Sand Stream', 'Sand Force']"
Snover,60,62,50,62,60,40,grass,ice,120,1250000,50,70,459,67,0,1,0,0,0,0,NO,"['Snow Warning', 'Soundproof']"
Abomasnow,90,92,75,92,85,60,grass,ice,60,1250000,50,70,460,173,0,1,0,1,0,0,NO,"['Snow Warning', 'Soundproof']"
Weavile,70,120,65,45,85,125,dark,ice,45,1059860,50,35,461,179,0,1,0,0,0,1,NO,"['Pressure', 'Pickpocket']"
Magnezone,70,70,115,130,90,60,electric,steel,30,1000000,-1,70,462,241,0,0,0,3,0,0,NO,"['Magnet Pull', 'Sturdy', 'Analytic']"
Rhyperior,115,140,130,55,55,40,ground,rock,30,1250000,50,70,464,241,0,3,0,0,0,0,NO,"['Lightningrod', 'Solid Rock', 'Reckless']"
Tangrowth,100,100,125,110,50,50,grass,none,30,1000000,50,70,465,187,0,0,2,0,0,0,NO,"['Chlorophyll', 'Leaf Guard', 'Regenerator']"
Togekiss,85,50,95,120,115,80,fairy,flying,30,800000,88.1,70,468,245,0,0,0,2,1,0,NO,"['Hustle', 'Serene Grace', 'Super Luck']"
Leafeon,65,110,130,60,65,95,grass,none,45,1000000,88.1,35,470,184,0,0,2,0,0,0,NO,"['Leaf Guard', 'Chlorophyll']"
Glaceon,65,60,110,130,95,65,ice,none,45,1000000,88.1,35,471,184,0,0,0,2,0,0,NO,"['Snow Cloak', 'Ice Body']"
Gliscor,75,95,125,45,75,95,ground,flying,30,1059860,50,70,472,179,0,0,2,0,0,0,NO,"['Hyper Cutter', 'Sand Veil', 'Poison Heal']"
Mamoswine,110,130,80,70,60,80,ice,ground,50,1250000,50,70,473,239,0,3,0,0,0,0,NO,"['Oblivious', 'Snow Cloak', 'Thick Fat']"
Porygon-Z,85,80,70,135,75,90,normal,none,30,1000000,-1,70,474,241,0,0,0,3,0,0,NO,"['Adaptability', 'Download', 'Analytic']"
Gallade,68,125,65,65,115,80,psychic,fighting,45,1250000,100,35,475,233,0,3,0,0,0,0,NO,"['Steadfast', 'Justified']"
Dusknoir,45,100,135,65,135,45,ghost,none,45,800000,50,35,477,236,0,0,1,0,2,0,NO,"['Pressure', 'Frisk']"
Froslass,70,80,70,80,70,110,ice,ghost,75,1000000,0,70,478,168,0,0,0,0,0,2,NO,"['Snow Cloak', 'Cursed Body']"
Uxie,75,75,130,75,130,95,psychic,none,3,1250000,-1,140,480,261,0,0,2,0,1,0,YES,['Levitate']
Mesprit,80,105,105,105,105,80,psychic,none,3,1250000,-1,140,481,261,0,1,0,1,1,0,YES,['Levitate']
Azelf,75,125,70,125,70,115,psychic,none,3,1250000,-1,140,482,261,0,2,0,1,0,0,YES,['Levitate']
Dialga,100,120,120,150,100,90,steel,dragon,3,1250000,-1,0,483,306,0,0,0,3,0,0,YES,"['Pressure', 'Telepathy']"
Palkia,90,120,100,150,120,100,water,dragon,3,1250000,-1,0,484,306,0,0,0,3,0,0,YES,"['Pressure', 'Telepathy']"
Heatran,91,90,106,130,106,77,fire,steel,3,1250000,50,100,485,270,0,0,0,3,0,0,YES,"['Flash Fire', 'Flame Body']"
Regigigas,110,160,110,80,110,100,normal,none,3,1250000,-1,0,486,302,0,3,0,0,0,0,YES,['Slow Start']
Giratina (Altered),150,100,120,100,120,90,ghost,dragon,3,1250000,-1,0,487,306,3,0,0,0,0,0,YES,['Pressure']
Giratina (Origin),150,120,100,120,100,90,ghost,dragon,3,1250000,-1,0,487,306,3,0,0,0,0,0,YES,['Levitate']
Cresselia,120,70,120,75,130,85,psychic,none,3,1250000,0,100,488,270,0,0,0,0,3,0,YES,['Levitate']
Manaphy,100,100,100,100,100,100,water,none,3,1250000,-1,70,490,270,3,0,0,0,0,0,YES,['Hydration']
Darkrai,70,90,90,135,90,125,dark,none,3,1250000,-1,0,491,270,0,0,0,2,0,1,YES,['Bad Dreams']
Arceus,120,120,120,120,120,120,normal,none,3,1250000,-1,0,493,324,3,0,0,0,0,0,YES,['Multitype']
Victini,100,100,100,100,100,100,psychic,fire,3,1250000,-1,100,494,270,3,0,0,0,0,0,NO,['Victory Star']
Snivy,45,45,55,45,55,63,grass,none,45,1059860,88.1,70,495,28,0,0,0,0,0,1,NO,"['Overgrow', 'Contrary']"
Servine,60,60,75,60,75,83,grass,none,45,1059860,88.1,70,496,145,0,0,0,0,0,2,NO,"['Overgrow', 'Contrary']"
Serperior,75,75,95,75,95,113,grass,none,45,1059860,88.1,70,497,238,0,0,0,0,0,3,NO,"['Overgrow', 'Contrary']"
Tepig,65,63,45,45,45,45,fire,none,45,1059860,88.1,70,498,28,1,0,0,0,0,0,NO,"['Blaze', 'Thick Fat']"
Pignite,90,93,55,70,55,55,fire,fighting,45,1059860,88.1,70,499,146,0,2,0,0,0,0,NO,"['Blaze', 'Thick Fat']"
Emboar,110,123,65,100,65,65,fire,fighting,45,1059860,88.1,70,500,238,0,3,0,0,0,0,NO,"['Blaze', 'Reckless']"
Oshawott,55,55,45,63,45,45,water,none,45,1059860,88.1,70,501,28,0,0,0,1,0,0,NO,"['Torrent', 'Shell Armor']"
Dewott,75,75,60,83,60,60,water,none,45,1059860,88.1,70,502,145,0,0,0,2,0,0,NO,"['Torrent', 'Shell Armor']"
Samurott,95,100,85,108,70,70,water,none,45,1059860,88.1,70,503,238,0,0,0,3,0,0,NO,"['Torrent', 'Shell Armor']"
Roggenrola,55,75,85,25,25,15,rock,none,255,1059860,50,70,524,56,0,0,1,0,0,0,NO,"['Sturdy', 'Weak Armor', 'Sand Force']"
Boldore,70,105,105,50,40,20,rock,none,120,1059860,50,70,525,137,0,1,1,0,0,0,NO,"['Sturdy', 'Weak Armor', 'Sand Force']"
Gigalith,85,135,130,60,80,25,rock,none,45,1059860,50,70,526,227,0,3,0,0,0,0,NO,"['Sturdy', 'Sand Stream', 'Sand Force']"
Drilbur,60,85,40,30,45,68,ground,none,120,1000000,50,70,529,66,0,1,0,0,0,0,NO,"['Sand Rush', 'Sand Force', 'Mold Breaker']"
Excadrill,110,135,60,50,65,88,ground,steel,60,1000000,50,70,530,178,0,2,0,0,0,0,NO,"['Sand Rush', 'Sand Force', 'Mold Breaker']"
Timburr,75,80,55,25,35,35,fighting,none,180,1059860,75.4,70,532,61,0,1,0,0,0,0,NO,"['Guts', 'Sheer Force', 'Iron Fist']"
Gurdurr,85,105,85,40,50,40,fighting,none,90,1059860,75.4,70,533,142,0,2,0,0,0,0,NO,"['Guts', 'Sheer Force', 'Iron Fist']"
Conkeldurr,105,140,95,55,65,45,fighting,none,45,1059860,75.4,70,534,227,0,3,0,0,0,0,NO,"['Guts', 'Sheer Force', 'Iron Fist']"
Venipede,30,45,59,30,39,57,bug,poison,255,1059860,50,70,543,52,0,0,1,0,0,0,NO,"['Poison Point', 'Swarm', 'Speed Boost']"
Whirlipede,40,55,99,40,79,47,bug,poison,120,1059860,50,70,544,126,0,0,2,0,0,0,NO,"['Poison Point', 'Swarm', 'Speed Boost']"
Scolipede,60,100,89,55,69,112,bug,poison,45,1059860,50,70,545,214,0,0,0,0,0,3,NO,"['Poison Point', 'Swarm', 'Speed Boost']"
Sandile,50,72,35,35,35,65,ground,dark,180,1059860,50,70,551,58,0,1,0,0,0,0,NO,"['Intimidate', 'Moxie', 'Anger Point']"
Krokorok,60,82,45,45,45,74,ground,dark,90,1059860,50,70,552,123,0,2,0,0,0,0,NO,"['Intimidate', 'Moxie', 'Anger Point']"
Krookodile,95,117,80,65,70,92,ground,dark,45,1059860,50,70,553,229,0,3,0,0,0,0,NO,"['Intimidate', 'Moxie', 'Anger Point']"
Scraggy,50,75,70,35,70,48,dark,fighting,180,1000000,50,35,559,70,0,1,0,0,0,0,NO,"['Shed Skin', 'Moxie', 'Intimidate']"
Scrafty,65,90,115,45,115,58,dark,fighting,90,1000000,50,70,560,171,0,0,1,0,1,0,NO,"['Shed Skin', 'Moxie', 'Intimidate']"
Sigilyph,72,58,80,103,80,97,psychic,flying,45,1000000,50,70,561,172,0,0,0,2,0,0,NO,"['Wonder Skin ', 'Magic Guard', 'Tinted Lens']"
Minccino,55,50,40,40,40,75,normal,none,255,800000,24.6,70,572,60,0,0,0,0,0,1,NO,"['Cute Charm', 'Technician', 'Skill Link']"
Cinccino,75,95,60,65,60,115,normal,none,60,800000,24.6,70,573,165,0,0,0,0,0,2,NO,"['Cute Charm', 'Technician', 'Skill Link']"
Gothita,45,30,50,55,65,45,psychic,none,200,1059860,24.6,70,574,58,0,0,0,0,1,0,NO,"['Frisk', 'Competitive', 'Shadow Tag']"
Gothorita,60,45,70,75,85,55,psychic,none,100,1059860,24.6,70,575,137,0,0,0,0,2,0,NO,"['Frisk', 'Competitive', 'Shadow Tag']"
Gothitelle,70,55,95,95,110,65,psychic,none,50,1059860,24.6,70,576,221,0,0,0,0,3,0,NO,"['Frisk', 'Competitive', 'Shadow Tag']"
Foongus,69,55,45,55,55,15,grass,poison,190,1000000,50,70,590,59,1,0,0,0,0,0,NO,"['Effect Spore', 'Regenerator']"
Amoonguss,114,85,70,85,80,30,grass,poison,75,1000000,50,70,591,162,2,0,0,0,0,0,NO,"['Effect Spore', 'Regenerator']"
Ferroseed,44,50,91,24,86,10,grass,steel,255,1000000,50,70,597,61,0,0,1,0,0,0,NO,['Iron Barbs']
Ferrothorn,74,94,131,54,116,20,grass,steel,90,1000000,50,70,598,171,0,0,2,0,0,0,NO,"['Iron Barbs', 'Anticipation']"
Klink,40,55,70,45,60,30,steel,none,130,1059860,-1,70,599,60,0,0,1,0,0,0,NO,"['Plus', 'Minus', 'Clear Body']"
Klang,60,80,95,70,85,50,steel,none,60,1059860,-1,70,600,154,0,0,2,0,0,0,NO,"['Plus', 'Minus', 'Clear Body']"
Klinklang,60,100,115,70,85,90,steel,none,30,1059860,-1,70,601,234,0,0,3,0,0,0,NO,"['Plus', 'Minus', 'Clear Body']"
Litwick,50,30,55,65,55,20,ghost,fire,190,1059860,50,70,607,55,0,0,0,1,0,0,NO,"['Flash Fire', 'Flame Body', 'Infiltrator']"
Lampent,60,40,60,95,60,55,ghost,fire,90,1059860,50,70,608,130,0,0,0,2,0,0,NO,"['Flash Fire', 'Flame Body', 'Infiltrator']"
Chandelure,60,55,90,145,90,80,ghost,fire,45,1059860,50,70,609,234,0,0,0,3,0,0,NO,"['Flash Fire', 'Flame Body', 'Infiltrator']"
Axew,46,87,60,30,40,57,dragon,none,75,1250000,50,35,610,64,0,1,0,0,0,0,NO,"['Rivalry', 'Mold Breaker', 'Unnerve']"
Fraxure,66,117,70,40,50,67,dragon,none,60,1250000,50,35,611,144,0,2,0,0,0,0,NO,"['Rivalry', 'Mold Breaker', 'Unnerve']"
Haxorus,76,147,90,60,70,97,dragon,none,45,1250000,50,35,612,243,0,3,0,0,0,0,NO,"['Rivalry', 'Mold Breaker', 'Unnerve']"
Golett,59,74,50,35,50,35,ground,ghost,190,1000000,-1,70,622,61,0,1,0,0,0,0,NO,"['Iron Fist', 'Klutz', 'No Guard']"
Golurk,89,124,80,55,80,55,ground,ghost,90,1000000,-1,70,623,169,0,2,0,0,0,0,NO,"['Iron Fist', 'Klutz', 'No Guard']"
Pawniard,45,85,70,40,40,60,dark,steel,120,1000000,50,35,624,68,0,1,0,0,0,0,NO,"['Defiant', 'Inner Focus', 'Pressure']"
Bisharp,65,125,100,60,70,70,dark,steel,45,1000000,50,35,625,172,0,2,0,0,0,0,NO,"['Defiant', 'Inner Focus', 'Pressure']"
Vullaby,70,55,75,45,65,60,dark,flying,190,1250000,0,35,629,74,0,0,1,0,0,0,NO,"['Big Pecks', 'Overcoat', 'Weak Armor']"
Mandibuzz,110,65,105,55,95,80,dark,flying,60,1250000,0,35,630,179,0,0,0,2,0,0,NO,"['Big Pecks', 'Overcoat', 'Weak Armor']"
Deino,52,65,50,45,50,38,dark,dragon,45,1250000,50,35,633,60,0,1,0,0,0,0,NO,['Hustle']
Zweilous,72,85,70,65,70,58,dark,dragon,45,1250000,50,35,634,147,0,2,0,0,0,0,NO,['Hustle']
Hydreigon,92,105,90,125,90,98,dark,dragon,45,1250000,50,35,635,270,0,0,0,3,0,0,NO,['Levitate']
Larvesta,55,85,55,50,55,60,bug,fire,45,1250000,50,70,636,72,0,1,0,0,0,0,NO,"['Flame Body', 'Swarm']"
Volcarona,85,60,65,135,105,100,bug,fire,15,1250000,50,70,637,248,0,0,0,3,0,0,NO,"['Flame Body', 'Swarm']"
Cobalion,91,90,129,90,72,108,steel,fighting,3,1250000,-1,35,638,261,0,0,3,0,0,0,YES,['Justified']
Terrakion,91,129,90,72,90,108,rock,fighting,3,1250000,-1,35,639,261,0,3,0,0,0,0,YES,['Justified']
Virizion,91,90,72,90,129,108,grass,fighting,3,1250000,-1,35,640,261,0,0,0,0,3,0,YES,['Justified']
Tornadus,79,115,70,125,80,111,flying,none,3,1250000,100,90,641,261,0,3,0,0,0,0,YES,"['Prankster', 'Defiant']"
Thundurus,79,115,70,125,80,111,electric,flying,3,1250000,100,90,642,261,0,3,0,0,0,0,YES,"['Prankster', 'Defiant']"
Reshiram,100,120,100,150,120,90,dragon,fire,3,1250000,-1,0,643,306,0,0,0,3,0,0,YES,['Turboblaze']
Zekrom,100,150,120,120,100,90,dragon,electric,3,1250000,-1,0,644,306,0,3,0,0,0,0,YES,['Teravolt']
Landorus,89,125,90,115,80,101,ground,flying,3,1250000,100,90,645,270,0,0,0,3,0,0,YES,"['Sand Force', 'Sheer Force']"
Kyurem,125,130,90,130,90,95,dragon,ice,3,1250000,-1,0,646,297,1,1,0,1,0,0,YES,"['Pressure', 'Teravolt', 'Turboblaze']"
Keldeo,91,72,90,129,90,108,water,fighting,3,1250000,-1,35,647,261,0,0,0,3,0,0,YES,['Justified']
Meloetta,100,128,90,77,77,128,normal,psychic,3,1250000,-1,100,648,270,0,0,0,1,1,1,YES,['Serene Grace']
Chespin,56,61,65,48,45,38,grass,none,45,1059860,88.1,70,650,63,0,0,1,0,0,0,NO,"['Overgrow', 'Bulletproof']"
Quilladin,61,78,95,56,58,57,grass,none,45,1059860,88.1,70,651,142,0,0,2,0,0,0,NO,"['Overgrow', 'Bulletproof']"
Chesnaught,88,107,122,74,75,64,grass,fighting,45,1059860,88.1,70,652,239,0,0,3,0,0,0,NO,"['Overgrow', 'Bulletproof']"
Fennekin,40,45,40,62,60,60,fire,none,45,1059860,88.1,70,653,61,0,0,0,1,0,0,NO,"['Blaze', 'Magician']"
Braixen,59,59,58,90,70,73,fire,none,45,1059860,88.1,70,654,143,0,0,0,2,0,0,NO,"['Blaze', 'Magician']"
Delphox,75,69,72,114,100,104,fire,psychic,45,1059860,88.1,70,655,240,0,0,0,3,0,0,NO,"['Blaze', 'Magician']"
Froakie,41,56,40,62,44,71,water,none,45,1059860,88.1,70,656,63,0,0,0,0,0,1,NO,"['Torrent', 'Protean']"
Frogadier,54,63,52,83,56,97,water,none,45,1059860,88.1,70,657,142,0,0,0,0,0,2,NO,"['Torrent', 'Protean']"
Greninja,72,95,67,103,71,122,water,dark,45,1059860,88.1,70,658,239,0,0,0,0,0,3,NO,"['Torrent', 'Protean']"
Greninja (Ash),72,145,67,153,71,132,water,dark,45,1059860,88.1,70,658,239,0,0,0,0,0,3,NO,['Battle Bond']
Bunnelby,38,36,38,32,36,57,normal,none,255,1000000,50,70,659,47,0,0,0,0,0,1,NO,"['Pickup', 'Cheek Pouch', 'Huge Power']"
Diggersby,85,56,77,50,77,78,normal,ground,127,1000000,50,70,660,148,0,2,0,0,0,0,NO,"['Pickup', 'Cheek Pouch', 'Huge Power']"
Fletchling,45,50,43,40,38,62,normal,flying,255,1059860,50,70,661,56,0,0,0,0,0,1,NO,"['Big Pecks', 'Gale Wings']"
Fletchinder,62,73,55,56,52,84,fire,flying,120,1059860,50,70,662,134,0,0,0,0,0,2,NO,"['Flame Body', 'Gale Wings']"
Talonflame,78,81,71,74,69,126,fire,flying,45,1059860,50,70,663,175,0,0,0,0,0,3,NO,"['Flame Body', 'Gale Wings']"
Flabebe,44,38,39,61,79,42,fairy,none,225,1000000,0,70,669,61,0,0,0,0,1,0,NO,"['Flower Veil', 'Symbiosis']"
Floette,74,65,67,125,128,92,fairy,none,120,1000000,0,70,670,130,0,0,0,0,2,0,NO,"['Flower Veil', 'Symbiosis']"
Florges,78,65,68,112,154,75,fairy,none,45,1000000,0,70,671,248,0,0,0,0,3,0,NO,"['Flower Veil', 'Symbiosis']"
Pancham,67,82,62,46,48,43,fighting,none,220,1000000,50,70,674,70,0,1,0,0,0,0,NO,"['Iron Fist', 'Mold Breaker', 'Scrappy']"
Pangoro,95,124,78,69,71,58,fighting,dark,65,1000000,50,70,675,173,0,2,0,0,0,0,NO,"['Iron Fist', 'Mold Breaker', 'Scrappy']"
Tyrunt,58,89,77,45,45,48,rock,dragon,45,1000000,88.1,70,696,72,0,1,0,0,0,0,NO,"['Strong Jaw', 'Sturdy']"
Tyrantrum,82,121,119,69,59,71,rock,dragon,45,1000000,88.1,70,697,182,0,2,0,0,0,0,NO,"['Strong Jaw', 'Rock Head']"
Sylveon,95,65,65,110,130,60,fairy,none,45,1000000,88.1,70,700,184,0,0,0,0,2,0,NO,"['Cute Charm', 'Pixilate']"
Goomy,45,50,35,55,75,40,dragon,none,45,1250000,50,35,704,60,0,0,0,0,1,0,NO,"['Sap Sipper', 'Hydration', 'Gooey']"
Sliggoo,68,75,53,83,113,60,dragon,none,45,1250000,50,35,705,158,0,0,0,0,2,0,NO,"['Sap Sipper', 'Hydration', 'Gooey']"
Goodra,90,100,70,110,150,80,dragon,none,45,1250000,50,35,706,270,0,0,0,0,3,0,NO,"['Sap Sipper', 'Hydration', 'Gooey']"
Klefki,57,80,91,80,87,75,steel,fairy,75,800000,50,70,707,165,0,0,1,0,0,0,NO,"['Prankster', 'Magician']"
Phantump,43,70,48,50,60,38,ghost,grass,120,1000000,50,70,708,62,0,1,0,0,0,0,NO,"['Natural Cure', 'Frisk', 'Harvest']"
Trevenant,85,110,76,65,82,56,ghost,grass,60,1000000,50,70,709,166,0,2,0,0,0,0,NO,"['Natural Cure', 'Frisk', 'Harvest']"
Noibat,40,30,35,45,40,55,flying,dragon,190,1000000,50,70,714,49,0,0,0,0,0,1,NO,"['Frisk', 'Infiltrator', 'Telepathy']"
Noivern,85,70,80,97,80,123,flying,dragon,45,1000000,50,70,715,187,0,0,0,0,0,2,NO,"['Frisk', 'Infiltrator', 'Telepathy']"
Xerneas,126,131,95,131,98,99,fairy,none,45,1250000,-1,0,716,306,3,0,0,0,0,0,YES,['Fairy Aura']
Yveltal,126,131,95,131,98,99,dark,flying,45,1250000,-1,0,717,306,3,0,0,0,0,0,YES,['Dark Aura']
Diancie,50,100,150,100,150,50,rock,fairy,3,1250000,-1,70,719,270,0,0,1,0,2,0,YES,['Clear Body']
Hoopa (Confined),80,110,60,150,130,70,psychic,ghost,3,1250000,-1,100,720,270,0,0,0,3,0,0,YES,['Magician']
Hoopa (Unbound),80,160,60,170,130,80,psychic,dark,3,1250000,-1,100,720,270,0,0,0,3,0,0,YES,['Magician']
Volcanion,80,110,120,130,90,70,fire,water,3,1250000,-1,100,721,270,0,0,0,3,0,0,YES,['Water Absorb']

Ditto,48,48,48,48,48,48,normal,none,35,1000000,-1,70,132,101,1,0,0,0,0,0,NO,"['Limber', 'Imposter']"
